<?xml version="1.0" encoding="UTF-8" standalone="yes"?>
<addon id="repository.miaoo" version="1.0.0" name="miaoo-kodi-repo" provider-name="kenson">
    <extension point="xbmc.addon.repository" name="miaoo-kodi-repo">
        <dir>
            <info compressed="false">https://kensonmiao.github.io/addons.xml</info>
            <checksum>https://kensonmiao.github.io/kodi/addons.xml.md5</checksum>
            <datadir zip="true">https://kensonmiao.github.io/kodi/addons/</datadir>
        </dir>
        <dir>
            <info compressed="false">https://raw.githubusercontent.com/jsergio123/zips/master/addons.xml</info>
            <checksum>https://raw.githubusercontent.com/jsergio123/zips/master/addons.xml.md5</checksum>
            <datadir zip="true">https://raw.githubusercontent.com/jsergio123/zips/master/</datadir>
        </dir>
    </extension>
    <extension point="xbmc.addon.metadata">
        <summary lang="en">miaoo-kodi-repo</summary>
        <description lang="en">miaoo-kodi-repo</description>
        <platform>all</platform>
    </extension>
</addon>