<?xml version="1.0" encoding="UTF-8" standalone="yes"?>
<addon id="plugin.video.icdrama" version="2.2.0" name="Icdrama" provider-name="aznhusband, dumbo0001, s_h, boleanly, mugol, General-Meow, cthlo">
  <requires>
    <import addon="xbmc.python" version="3.0.0"/>
    <import addon="script.module.html5lib" version="1.0.1"/>
    <import addon="script.module.beautifulsoup4" version="4.6.3"/>
    <import addon="script.module.requests" version="2.22.0"/>
    <import addon="script.module.resolveurl" version="5.0.00"/>
  </requires>
  <extension point="xbmc.python.pluginsource" library="addon.py">
    <provides>video</provides>
  </extension>
  <extension point="xbmc.addon.metadata">
    <summary>Dramas, shows, and movies from icdrama.se</summary>
    <description>Provides contents from icdrama.se. "Happy wife, happy life"</description>
    <disclaimer>This addon is not affiliated with icdrama.se</disclaimer>
    <platform>all</platform>
    <license>MIT License</license>
	<assets>
		<icon>icon.png</icon>
	</assets>
  </extension>
</addon>
